{
  "v2_wins": 4,
  "v2_losses": 6,
  "total_datasets": 10,
  "win_deltas": [
    -9.06671390991241,
    -4.203812792885193,
    -5.9808532875631535,
    -3.409823349954174
  ],
  "loss_deltas": [
    21.56718577380842,
    6.062095613409914,
    3.002534104884094,
    9.296629303343918,
    1.7570161540098135,
    14.051446729931735
  ],
  "avg_win_improvement": -5.665300835078733,
  "avg_loss_regression": 9.289484613231314,
  "per_dataset": {
    "6x6x2": {
      "greedy_ms": 2686.180908203125,
      "dqn_ms": 2857.611572265625,
      "v2_ms": 3473.91796875,
      "v2_vs_dqn_pct": 21.56718577380842,
      "v2_vs_greedy_pct": 29.32554014293171
    },
    "10x10x3": {
      "greedy_ms": 6834.42333984375,
      "dqn_ms": 10159.080078125,
      "v2_ms": 9237.9853515625,
      "v2_vs_dqn_pct": -9.06671390991241,
      "v2_vs_greedy_pct": 35.16846838717633
    },
    "15x10x3": {
      "greedy_ms": 9340.7939453125,
      "dqn_ms": 13976.3671875,
      "v2_ms": 14823.6279296875,
      "v2_vs_dqn_pct": 6.062095613409914,
      "v2_vs_greedy_pct": 58.69772972699453
    },
    "20x10x3": {
      "greedy_ms": 12968.271484375,
      "dqn_ms": 20395.20703125,
      "v2_ms": 21007.580078125,
      "v2_vs_dqn_pct": 3.002534104884094,
      "v2_vs_greedy_pct": 61.992136758058095
    },
    "30x10x3": {
      "greedy_ms": 19275.4921875,
      "dqn_ms": 32338.806640625,
      "v2_ms": 30979.34375,
      "v2_vs_dqn_pct": -4.203812792885193,
      "v2_vs_greedy_pct": 60.71882081480572
    },
    "10x5x3": {
      "greedy_ms": 3418.474609375,
      "dqn_ms": 4627.84814453125,
      "v2_ms": 5058.08203125,
      "v2_vs_dqn_pct": 9.296629303343918,
      "v2_vs_greedy_pct": 47.963130028184395
    },
    "10x10x6": {
      "greedy_ms": 5325.02880859375,
      "dqn_ms": 8691.521484375,
      "v2_ms": 8171.6943359375,
      "v2_vs_dqn_pct": -5.9808532875631535,
      "v2_vs_greedy_pct": 53.45821834333899
    },
    "15x10x2": {
      "greedy_ms": 10193.5498046875,
      "dqn_ms": 14885.4658203125,
      "v2_ms": 15147.005859375,
      "v2_vs_dqn_pct": 1.7570161540098135,
      "v2_vs_greedy_pct": 48.59402415839137
    },
    "15x5x3": {
      "greedy_ms": 4648.2431640625,
      "dqn_ms": 5393.6630859375,
      "v2_ms": 6151.55078125,
      "v2_vs_dqn_pct": 14.051446729931735,
      "v2_vs_greedy_pct": 32.341415113783114
    },
    "20x5x3": {
      "greedy_ms": 6457.20458984375,
      "dqn_ms": 9608.841796875,
      "v2_ms": 9281.197265625,
      "v2_vs_dqn_pct": -3.409823349954174,
      "v2_vs_greedy_pct": 43.73398173294652
    }
  }
}